[
{
  "model": "admin.logentry",
  "pk": 1,
  "fields": {
    "action_time": "2024-04-27T12:08:47.169Z",
    "user": 1,
    "content_type": 7,
    "object_id": "1",
    "object_repr": "Hotel Las Aguilas",
    "action_flag": 1,
    "change_message": "[{\"added\": {}}]"
  }
},
{
  "model": "admin.logentry",
  "pk": 2,
  "fields": {
    "action_time": "2024-04-27T12:09:11.227Z",
    "user": 1,
    "content_type": 4,
    "object_id": "2",
    "object_repr": "HLA-ADMIN",
    "action_flag": 1,
    "change_message": "[{\"added\": {}}]"
  }
},
{
  "model": "admin.logentry",
  "pk": 3,
  "fields": {
    "action_time": "2024-04-27T12:09:51.803Z",
    "user": 1,
    "content_type": 3,
    "object_id": "1",
    "object_repr": "HotelManagers",
    "action_flag": 1,
    "change_message": "[{\"added\": {}}]"
  }
},
{
  "model": "admin.logentry",
  "pk": 4,
  "fields": {
    "action_time": "2024-04-27T12:10:04.080Z",
    "user": 1,
    "content_type": 4,
    "object_id": "2",
    "object_repr": "HLA-ADMIN",
    "action_flag": 2,
    "change_message": "[{\"changed\": {\"fields\": [\"Groups\"]}}]"
  }
},
{
  "model": "admin.logentry",
  "pk": 5,
  "fields": {
    "action_time": "2024-04-27T12:10:40.679Z",
    "user": 1,
    "content_type": 4,
    "object_id": "3",
    "object_repr": "HLAPDLC-9999",
    "action_flag": 1,
    "change_message": "[{\"added\": {}}]"
  }
},
{
  "model": "admin.logentry",
  "pk": 6,
  "fields": {
    "action_time": "2024-04-27T12:10:59.825Z",
    "user": 1,
    "content_type": 8,
    "object_id": "1",
    "object_repr": "HLAPDLC-9999",
    "action_flag": 1,
    "change_message": "[{\"added\": {}}]"
  }
},
{
  "model": "admin.logentry",
  "pk": 7,
  "fields": {
    "action_time": "2024-04-27T12:11:46.729Z",
    "user": 1,
    "content_type": 9,
    "object_id": "1",
    "object_repr": "Hamaca",
    "action_flag": 1,
    "change_message": "[{\"added\": {}}]"
  }
},
{
  "model": "admin.logentry",
  "pk": 8,
  "fields": {
    "action_time": "2024-04-27T12:25:10.019Z",
    "user": 1,
    "content_type": 4,
    "object_id": "4",
    "object_repr": "HLAPDLC-0001",
    "action_flag": 1,
    "change_message": "[{\"added\": {}}]"
  }
},
{
  "model": "admin.logentry",
  "pk": 9,
  "fields": {
    "action_time": "2024-04-27T12:25:34.712Z",
    "user": 1,
    "content_type": 8,
    "object_id": "2",
    "object_repr": "HLAPDLC-0001",
    "action_flag": 1,
    "change_message": "[{\"added\": {}}]"
  }
},
{
  "model": "admin.logentry",
  "pk": 10,
  "fields": {
    "action_time": "2024-04-27T18:33:00.989Z",
    "user": 1,
    "content_type": 3,
    "object_id": "1",
    "object_repr": "HotelManagers",
    "action_flag": 2,
    "change_message": "[]"
  }
},
{
  "model": "admin.logentry",
  "pk": 11,
  "fields": {
    "action_time": "2024-04-27T18:33:39.644Z",
    "user": 1,
    "content_type": 4,
    "object_id": "2",
    "object_repr": "HLA-ADMIN",
    "action_flag": 2,
    "change_message": "[{\"changed\": {\"fields\": [\"User permissions\"]}}]"
  }
},
{
  "model": "admin.logentry",
  "pk": 12,
  "fields": {
    "action_time": "2024-04-27T18:35:56.138Z",
    "user": 1,
    "content_type": 8,
    "object_id": "3",
    "object_repr": "HLA-ADMIN",
    "action_flag": 1,
    "change_message": "[{\"added\": {}}]"
  }
},
{
  "model": "auth.permission",
  "pk": 1,
  "fields": {
    "name": "Can add log entry",
    "content_type": 1,
    "codename": "add_logentry"
  }
},
{
  "model": "auth.permission",
  "pk": 2,
  "fields": {
    "name": "Can change log entry",
    "content_type": 1,
    "codename": "change_logentry"
  }
},
{
  "model": "auth.permission",
  "pk": 3,
  "fields": {
    "name": "Can delete log entry",
    "content_type": 1,
    "codename": "delete_logentry"
  }
},
{
  "model": "auth.permission",
  "pk": 4,
  "fields": {
    "name": "Can view log entry",
    "content_type": 1,
    "codename": "view_logentry"
  }
},
{
  "model": "auth.permission",
  "pk": 5,
  "fields": {
    "name": "Can add permission",
    "content_type": 2,
    "codename": "add_permission"
  }
},
{
  "model": "auth.permission",
  "pk": 6,
  "fields": {
    "name": "Can change permission",
    "content_type": 2,
    "codename": "change_permission"
  }
},
{
  "model": "auth.permission",
  "pk": 7,
  "fields": {
    "name": "Can delete permission",
    "content_type": 2,
    "codename": "delete_permission"
  }
},
{
  "model": "auth.permission",
  "pk": 8,
  "fields": {
    "name": "Can view permission",
    "content_type": 2,
    "codename": "view_permission"
  }
},
{
  "model": "auth.permission",
  "pk": 9,
  "fields": {
    "name": "Can add group",
    "content_type": 3,
    "codename": "add_group"
  }
},
{
  "model": "auth.permission",
  "pk": 10,
  "fields": {
    "name": "Can change group",
    "content_type": 3,
    "codename": "change_group"
  }
},
{
  "model": "auth.permission",
  "pk": 11,
  "fields": {
    "name": "Can delete group",
    "content_type": 3,
    "codename": "delete_group"
  }
},
{
  "model": "auth.permission",
  "pk": 12,
  "fields": {
    "name": "Can view group",
    "content_type": 3,
    "codename": "view_group"
  }
},
{
  "model": "auth.permission",
  "pk": 13,
  "fields": {
    "name": "Can add user",
    "content_type": 4,
    "codename": "add_user"
  }
},
{
  "model": "auth.permission",
  "pk": 14,
  "fields": {
    "name": "Can change user",
    "content_type": 4,
    "codename": "change_user"
  }
},
{
  "model": "auth.permission",
  "pk": 15,
  "fields": {
    "name": "Can delete user",
    "content_type": 4,
    "codename": "delete_user"
  }
},
{
  "model": "auth.permission",
  "pk": 16,
  "fields": {
    "name": "Can view user",
    "content_type": 4,
    "codename": "view_user"
  }
},
{
  "model": "auth.permission",
  "pk": 17,
  "fields": {
    "name": "Can add content type",
    "content_type": 5,
    "codename": "add_contenttype"
  }
},
{
  "model": "auth.permission",
  "pk": 18,
  "fields": {
    "name": "Can change content type",
    "content_type": 5,
    "codename": "change_contenttype"
  }
},
{
  "model": "auth.permission",
  "pk": 19,
  "fields": {
    "name": "Can delete content type",
    "content_type": 5,
    "codename": "delete_contenttype"
  }
},
{
  "model": "auth.permission",
  "pk": 20,
  "fields": {
    "name": "Can view content type",
    "content_type": 5,
    "codename": "view_contenttype"
  }
},
{
  "model": "auth.permission",
  "pk": 21,
  "fields": {
    "name": "Can add session",
    "content_type": 6,
    "codename": "add_session"
  }
},
{
  "model": "auth.permission",
  "pk": 22,
  "fields": {
    "name": "Can change session",
    "content_type": 6,
    "codename": "change_session"
  }
},
{
  "model": "auth.permission",
  "pk": 23,
  "fields": {
    "name": "Can delete session",
    "content_type": 6,
    "codename": "delete_session"
  }
},
{
  "model": "auth.permission",
  "pk": 24,
  "fields": {
    "name": "Can view session",
    "content_type": 6,
    "codename": "view_session"
  }
},
{
  "model": "auth.permission",
  "pk": 25,
  "fields": {
    "name": "Can add hotel",
    "content_type": 7,
    "codename": "add_hotel"
  }
},
{
  "model": "auth.permission",
  "pk": 26,
  "fields": {
    "name": "Can change hotel",
    "content_type": 7,
    "codename": "change_hotel"
  }
},
{
  "model": "auth.permission",
  "pk": 27,
  "fields": {
    "name": "Can delete hotel",
    "content_type": 7,
    "codename": "delete_hotel"
  }
},
{
  "model": "auth.permission",
  "pk": 28,
  "fields": {
    "name": "Can view hotel",
    "content_type": 7,
    "codename": "view_hotel"
  }
},
{
  "model": "auth.permission",
  "pk": 29,
  "fields": {
    "name": "Can add client",
    "content_type": 8,
    "codename": "add_client"
  }
},
{
  "model": "auth.permission",
  "pk": 30,
  "fields": {
    "name": "Can change client",
    "content_type": 8,
    "codename": "change_client"
  }
},
{
  "model": "auth.permission",
  "pk": 31,
  "fields": {
    "name": "Can delete client",
    "content_type": 8,
    "codename": "delete_client"
  }
},
{
  "model": "auth.permission",
  "pk": 32,
  "fields": {
    "name": "Can view client",
    "content_type": 8,
    "codename": "view_client"
  }
},
{
  "model": "auth.permission",
  "pk": 33,
  "fields": {
    "name": "Can add product",
    "content_type": 9,
    "codename": "add_product"
  }
},
{
  "model": "auth.permission",
  "pk": 34,
  "fields": {
    "name": "Can change product",
    "content_type": 9,
    "codename": "change_product"
  }
},
{
  "model": "auth.permission",
  "pk": 35,
  "fields": {
    "name": "Can delete product",
    "content_type": 9,
    "codename": "delete_product"
  }
},
{
  "model": "auth.permission",
  "pk": 36,
  "fields": {
    "name": "Can view product",
    "content_type": 9,
    "codename": "view_product"
  }
},
{
  "model": "auth.permission",
  "pk": 37,
  "fields": {
    "name": "Can add booking",
    "content_type": 10,
    "codename": "add_booking"
  }
},
{
  "model": "auth.permission",
  "pk": 38,
  "fields": {
    "name": "Can change booking",
    "content_type": 10,
    "codename": "change_booking"
  }
},
{
  "model": "auth.permission",
  "pk": 39,
  "fields": {
    "name": "Can delete booking",
    "content_type": 10,
    "codename": "delete_booking"
  }
},
{
  "model": "auth.permission",
  "pk": 40,
  "fields": {
    "name": "Can view booking",
    "content_type": 10,
    "codename": "view_booking"
  }
},
{
  "model": "auth.group",
  "pk": 1,
  "fields": {
    "name": "HotelManagers",
    "permissions": [
      37,
      38,
      39,
      40,
      33,
      34,
      35,
      36,
      29,
      30,
      31,
      32
    ]
  }
},
{
  "model": "auth.user",
  "pk": 1,
  "fields": {
    "password": "pbkdf2_sha256$600000$OCS6kaNP4tL3Hbh421FjyP$iv9NgW5aBTgzbJKlcwGcheHITrJuQj3+KEoYJcAkKnc=",
    "last_login": "2024-04-28T17:01:34.463Z",
    "is_superuser": true,
    "username": "admin",
    "first_name": "",
    "last_name": "",
    "email": "admin@admin.com",
    "is_staff": true,
    "is_active": true,
    "date_joined": "2024-04-27T12:08:02.050Z",
    "groups": [],
    "user_permissions": []
  }
},
{
  "model": "auth.user",
  "pk": 2,
  "fields": {
    "password": "pbkdf2_sha256$600000$hmzCq8sKi6bnAI6VrdIGpJ$RHfCCCI5Da4QVluzKAUF+jCQTbEs3SWhj7jPZO4Z2/M=",
    "last_login": "2024-05-05T16:53:37.062Z",
    "is_superuser": false,
    "username": "HLA-ADMIN",
    "first_name": "",
    "last_name": "",
    "email": "",
    "is_staff": false,
    "is_active": true,
    "date_joined": "2024-04-27T12:09:10Z",
    "groups": [
      1
    ],
    "user_permissions": [
      37,
      38,
      39,
      40,
      33,
      34,
      35,
      36,
      29,
      30,
      31,
      32
    ]
  }
},
{
  "model": "auth.user",
  "pk": 3,
  "fields": {
    "password": "pbkdf2_sha256$600000$Uwc2OB5DsThRKpzT7eZEui$mEvE+GrppW0nnRV7JtF1c0Qg/w9b6wjsxt5ydPG9A0k=",
    "last_login": "2024-04-28T16:00:28.762Z",
    "is_superuser": false,
    "username": "HLAPDLC-9999",
    "first_name": "",
    "last_name": "",
    "email": "",
    "is_staff": false,
    "is_active": true,
    "date_joined": "2024-04-27T12:10:40.086Z",
    "groups": [],
    "user_permissions": []
  }
},
{
  "model": "auth.user",
  "pk": 4,
  "fields": {
    "password": "pbkdf2_sha256$600000$qvWikbC9lrvopG14qOSoVe$E42JPV4r/rUciDj7shsh5L4diby02+kwqu4agFjj9XE=",
    "last_login": "2024-05-05T16:57:11.342Z",
    "is_superuser": false,
    "username": "HLAPDLC-0001",
    "first_name": "",
    "last_name": "",
    "email": "",
    "is_staff": false,
    "is_active": true,
    "date_joined": "2024-04-27T12:25:09.703Z",
    "groups": [],
    "user_permissions": []
  }
},
{
  "model": "auth.user",
  "pk": 6,
  "fields": {
    "password": "pbkdf2_sha256$600000$QoaXzU7COPGbS8KgoPvHP2$FoBm5WS8rOQeWTXXOPsEY3LLkYnWgy6X99qUk4izVRE=",
    "last_login": null,
    "is_superuser": false,
    "username": "HLAPDLC-0004",
    "first_name": "Abian",
    "last_name": "yo te mato",
    "email": "abiancma12@gmail.com",
    "is_staff": false,
    "is_active": true,
    "date_joined": "2024-04-28T17:03:24.207Z",
    "groups": [],
    "user_permissions": []
  }
},
{
  "model": "auth.user",
  "pk": 7,
  "fields": {
    "password": "pbkdf2_sha256$600000$gshguo0Zu8Ymvwla8WgYQX$0XNvZ2xMrRNjysPkApUHiMY8kYFiQclWJGWnURuLuvk=",
    "last_login": null,
    "is_superuser": false,
    "username": "HLAPDLC-0005",
    "first_name": "Pepe",
    "last_name": "Benavente",
    "email": "diegopca12@gmail.com",
    "is_staff": false,
    "is_active": true,
    "date_joined": "2024-05-05T09:03:40.928Z",
    "groups": [],
    "user_permissions": []
  }
},
{
  "model": "auth.user",
  "pk": 14,
  "fields": {
    "password": "pbkdf2_sha256$600000$csmQN8nPSpT6IihUgoXQ2w$VACPV1rn0bs85Zta/LLMkoKstNeZIaZtypEiCGvOlxE=",
    "last_login": null,
    "is_superuser": false,
    "username": "HLAPDLC-0006",
    "first_name": "Diego",
    "last_name": "Benavente",
    "email": "alupc23dpl@gmail.com",
    "is_staff": false,
    "is_active": true,
    "date_joined": "2024-05-05T09:45:32.464Z",
    "groups": [],
    "user_permissions": []
  }
},
{
  "model": "contenttypes.contenttype",
  "pk": 1,
  "fields": {
    "app_label": "admin",
    "model": "logentry"
  }
},
{
  "model": "contenttypes.contenttype",
  "pk": 2,
  "fields": {
    "app_label": "auth",
    "model": "permission"
  }
},
{
  "model": "contenttypes.contenttype",
  "pk": 3,
  "fields": {
    "app_label": "auth",
    "model": "group"
  }
},
{
  "model": "contenttypes.contenttype",
  "pk": 4,
  "fields": {
    "app_label": "auth",
    "model": "user"
  }
},
{
  "model": "contenttypes.contenttype",
  "pk": 5,
  "fields": {
    "app_label": "contenttypes",
    "model": "contenttype"
  }
},
{
  "model": "contenttypes.contenttype",
  "pk": 6,
  "fields": {
    "app_label": "sessions",
    "model": "session"
  }
},
{
  "model": "contenttypes.contenttype",
  "pk": 7,
  "fields": {
    "app_label": "hotel",
    "model": "hotel"
  }
},
{
  "model": "contenttypes.contenttype",
  "pk": 8,
  "fields": {
    "app_label": "users",
    "model": "client"
  }
},
{
  "model": "contenttypes.contenttype",
  "pk": 9,
  "fields": {
    "app_label": "product",
    "model": "product"
  }
},
{
  "model": "contenttypes.contenttype",
  "pk": 10,
  "fields": {
    "app_label": "booking",
    "model": "booking"
  }
},
{
  "model": "sessions.session",
  "pk": "ttgt3eph2x0ajsstqxsnlb2kbflr3ns3",
  "fields": {
    "session_data": ".eJxVj8sOgjAURH_FdK2k3D4Ad7hygd_QXOjlodgmtKyM_26buGF75swk82Gzj7SaQCEs3hmHb2JXds_w1GE4tdO-rBjYmRnc42z2QJtZbHLkkfU4vMjlwD7RTb4YvIvb0hdZKf5pKB7e0nr7u4eBGcOc2iAkqUZRDxxAWpI0Ii8b0NCLoRGaC6i0bYSSGjWoitNoxzpZFUEtxzqNWoz5RBqQF64uZZnZvmFMDxNvu459f3tGT1Q:1s3h7m:qLnmdLZPpdY1nktf3uX02w-WcPhWTi9hKoKNz81CXZQ",
    "expire_date": "2024-05-19T19:02:14.757Z"
  }
},
{
  "model": "hotel.hotel",
  "pk": 1,
  "fields": {
    "name": "Hotel Las Aguilas",
    "slug": "hotel-las-aguilas",
    "city": "Puerto de la Cruz",
    "country": "Santa Cruz de Tenerife",
    "email": "hclasaguilas@example.com",
    "phone": "888999000",
    "code": "PU-HOLAAG",
    "site_map": ""
  }
},
{
  "model": "users.client",
  "pk": 1,
  "fields": {
    "user": 3,
    "num_guest": 2,
    "hotel": 1
  }
},
{
  "model": "users.client",
  "pk": 2,
  "fields": {
    "user": 4,
    "num_guest": 2,
    "hotel": 1
  }
},
{
  "model": "users.client",
  "pk": 3,
  "fields": {
    "user": 2,
    "num_guest": 1,
    "hotel": 1
  }
},
{
  "model": "users.client",
  "pk": 5,
  "fields": {
    "user": 6,
    "num_guest": 2,
    "hotel": 1
  }
},
{
  "model": "users.client",
  "pk": 6,
  "fields": {
    "user": 7,
    "num_guest": 4,
    "hotel": 1
  }
},
{
  "model": "users.client",
  "pk": 13,
  "fields": {
    "user": 14,
    "num_guest": 3,
    "hotel": 1
  }
},
{
  "model": "product.product",
  "pk": 1,
  "fields": {
    "name": "Hamaca",
    "price": "2.50",
    "avatar": "",
    "status": "FR",
    "hotel": 1
  }
},
{
  "model": "product.product",
  "pk": 2,
  "fields": {
    "name": "Hamaca",
    "price": "2.50",
    "avatar": "",
    "status": "FR",
    "hotel": 1
  }
},
{
  "model": "product.product",
  "pk": 3,
  "fields": {
    "name": "Hamaca",
    "price": "2.50",
    "avatar": "",
    "status": "FR",
    "hotel": 1
  }
},
{
  "model": "product.product",
  "pk": 4,
  "fields": {
    "name": "Hamaca",
    "price": "2.50",
    "avatar": "",
    "status": "FR",
    "hotel": 1
  }
},
{
  "model": "product.product",
  "pk": 5,
  "fields": {
    "name": "Hamaca",
    "price": "2.50",
    "avatar": "",
    "status": "FR",
    "hotel": 1
  }
},
{
  "model": "product.product",
  "pk": 6,
  "fields": {
    "name": "Hamaca",
    "price": "2.50",
    "avatar": "",
    "status": "FR",
    "hotel": 1
  }
},
{
  "model": "product.product",
  "pk": 7,
  "fields": {
    "name": "Hamaca",
    "price": "2.50",
    "avatar": "",
    "status": "FR",
    "hotel": 1
  }
},
{
  "model": "product.product",
  "pk": 8,
  "fields": {
    "name": "Hamaca",
    "price": "2.50",
    "avatar": "",
    "status": "FR",
    "hotel": 1
  }
},
{
  "model": "booking.booking",
  "pk": 2,
  "fields": {
    "user": 1,
    "timestamp": "2024-04-27T12:14:26.045Z",
    "price": "2.50",
    "duration": "ALL",
    "date": "2024-04-28",
    "paid": false,
    "products": [
      1
    ]
  }
},
{
  "model": "booking.booking",
  "pk": 4,
  "fields": {
    "user": 1,
    "timestamp": "2024-04-27T12:28:17.199Z",
    "price": "2.50",
    "duration": "ALL",
    "date": "2024-04-28",
    "paid": true,
    "products": [
      1
    ]
  }
},
{
  "model": "booking.booking",
  "pk": 5,
  "fields": {
    "user": 2,
    "timestamp": "2024-04-27T18:45:59.577Z",
    "price": "2.50",
    "duration": "ALL",
    "date": "2024-04-28",
    "paid": true,
    "products": [
      7
    ]
  }
},
{
  "model": "booking.booking",
  "pk": 6,
  "fields": {
    "user": 2,
    "timestamp": "2024-04-28T08:35:28.102Z",
    "price": "5.00",
    "duration": "AFT",
    "date": "2024-04-29",
    "paid": true,
    "products": [
      3,
      6
    ]
  }
},
{
  "model": "booking.booking",
  "pk": 7,
  "fields": {
    "user": 2,
    "timestamp": "2024-04-28T15:59:45.444Z",
    "price": "5.00",
    "duration": "ALL",
    "date": "2024-04-30",
    "paid": true,
    "products": [
      3,
      7
    ]
  }
},
{
  "model": "booking.booking",
  "pk": 8,
  "fields": {
    "user": 1,
    "timestamp": "2024-04-28T17:00:01.550Z",
    "price": "5.00",
    "duration": "ALL",
    "date": "2024-04-30",
    "paid": true,
    "products": [
      1,
      2
    ]
  }
},
{
  "model": "booking.booking",
  "pk": 9,
  "fields": {
    "user": 2,
    "timestamp": "2024-05-05T10:29:03.055Z",
    "price": "5.00",
    "duration": "AFT",
    "date": "2024-05-06",
    "paid": false,
    "products": [
      3,
      5
    ]
  }
},
{
  "model": "booking.booking",
  "pk": 10,
  "fields": {
    "user": 2,
    "timestamp": "2024-05-05T10:33:51.420Z",
    "price": "5.00",
    "duration": "AFT",
    "date": "2024-05-06",
    "paid": false,
    "products": [
      3,
      5
    ]
  }
},
{
  "model": "booking.booking",
  "pk": 11,
  "fields": {
    "user": 2,
    "timestamp": "2024-05-05T10:34:35.875Z",
    "price": "5.00",
    "duration": "AFT",
    "date": "2024-05-06",
    "paid": false,
    "products": [
      3,
      5
    ]
  }
},
{
  "model": "booking.booking",
  "pk": 12,
  "fields": {
    "user": 2,
    "timestamp": "2024-05-05T10:37:15.494Z",
    "price": "5.00",
    "duration": "AFT",
    "date": "2024-05-06",
    "paid": false,
    "products": [
      3,
      5
    ]
  }
},
{
  "model": "booking.booking",
  "pk": 13,
  "fields": {
    "user": 2,
    "timestamp": "2024-05-05T10:39:11.377Z",
    "price": "5.00",
    "duration": "AFT",
    "date": "2024-05-06",
    "paid": false,
    "products": [
      3,
      5
    ]
  }
},
{
  "model": "booking.booking",
  "pk": 14,
  "fields": {
    "user": 2,
    "timestamp": "2024-05-05T10:40:24.747Z",
    "price": "5.00",
    "duration": "AFT",
    "date": "2024-05-06",
    "paid": false,
    "products": [
      3,
      5
    ]
  }
},
{
  "model": "booking.booking",
  "pk": 15,
  "fields": {
    "user": 2,
    "timestamp": "2024-05-05T10:41:39.768Z",
    "price": "5.00",
    "duration": "AFT",
    "date": "2024-05-06",
    "paid": false,
    "products": [
      3,
      5
    ]
  }
},
{
  "model": "booking.booking",
  "pk": 16,
  "fields": {
    "user": 2,
    "timestamp": "2024-05-05T10:43:34.134Z",
    "price": "5.00",
    "duration": "AFT",
    "date": "2024-05-06",
    "paid": false,
    "products": [
      3,
      5
    ]
  }
},
{
  "model": "booking.booking",
  "pk": 17,
  "fields": {
    "user": 2,
    "timestamp": "2024-05-05T10:55:32.210Z",
    "price": "5.00",
    "duration": "AFT",
    "date": "2024-05-06",
    "paid": false,
    "products": [
      3,
      5
    ]
  }
},
{
  "model": "booking.booking",
  "pk": 18,
  "fields": {
    "user": 2,
    "timestamp": "2024-05-05T10:59:06.744Z",
    "price": "5.00",
    "duration": "AFT",
    "date": "2024-05-06",
    "paid": false,
    "products": [
      3,
      5
    ]
  }
},
{
  "model": "booking.booking",
  "pk": 19,
  "fields": {
    "user": 2,
    "timestamp": "2024-05-05T11:01:49.015Z",
    "price": "5.00",
    "duration": "AFT",
    "date": "2024-05-06",
    "paid": false,
    "products": [
      3,
      5
    ]
  }
},
{
  "model": "booking.booking",
  "pk": 20,
  "fields": {
    "user": 2,
    "timestamp": "2024-05-05T11:04:55.246Z",
    "price": "5.00",
    "duration": "AFT",
    "date": "2024-05-06",
    "paid": false,
    "products": [
      3,
      5
    ]
  }
},
{
  "model": "booking.booking",
  "pk": 21,
  "fields": {
    "user": 2,
    "timestamp": "2024-05-05T11:05:25.052Z",
    "price": "5.00",
    "duration": "AFT",
    "date": "2024-05-06",
    "paid": false,
    "products": [
      3,
      5
    ]
  }
},
{
  "model": "booking.booking",
  "pk": 22,
  "fields": {
    "user": 2,
    "timestamp": "2024-05-05T11:09:03.928Z",
    "price": "2.50",
    "duration": "AFT",
    "date": "2024-05-06",
    "paid": false,
    "products": [
      3
    ]
  }
},
{
  "model": "booking.booking",
  "pk": 23,
  "fields": {
    "user": 2,
    "timestamp": "2024-05-05T11:10:09.598Z",
    "price": "2.50",
    "duration": "AFT",
    "date": "2024-05-06",
    "paid": false,
    "products": [
      3
    ]
  }
},
{
  "model": "booking.booking",
  "pk": 24,
  "fields": {
    "user": 2,
    "timestamp": "2024-05-05T11:12:17.570Z",
    "price": "2.50",
    "duration": "AFT",
    "date": "2024-05-06",
    "paid": false,
    "products": [
      3
    ]
  }
},
{
  "model": "booking.booking",
  "pk": 25,
  "fields": {
    "user": 2,
    "timestamp": "2024-05-05T11:14:56.038Z",
    "price": "2.50",
    "duration": "AFT",
    "date": "2024-05-06",
    "paid": false,
    "products": [
      3
    ]
  }
},
{
  "model": "booking.booking",
  "pk": 26,
  "fields": {
    "user": 2,
    "timestamp": "2024-05-05T11:15:15.032Z",
    "price": "2.50",
    "duration": "AFT",
    "date": "2024-05-06",
    "paid": false,
    "products": [
      3
    ]
  }
},
{
  "model": "booking.booking",
  "pk": 27,
  "fields": {
    "user": 2,
    "timestamp": "2024-05-05T11:16:08.026Z",
    "price": "2.50",
    "duration": "AFT",
    "date": "2024-05-06",
    "paid": false,
    "products": [
      3
    ]
  }
},
{
  "model": "booking.booking",
  "pk": 28,
  "fields": {
    "user": 2,
    "timestamp": "2024-05-05T11:16:50.947Z",
    "price": "2.50",
    "duration": "AFT",
    "date": "2024-05-06",
    "paid": false,
    "products": [
      3
    ]
  }
},
{
  "model": "booking.booking",
  "pk": 29,
  "fields": {
    "user": 2,
    "timestamp": "2024-05-05T11:18:52.532Z",
    "price": "2.50",
    "duration": "AFT",
    "date": "2024-05-06",
    "paid": false,
    "products": [
      3
    ]
  }
},
{
  "model": "booking.booking",
  "pk": 30,
  "fields": {
    "user": 2,
    "timestamp": "2024-05-05T11:23:50.361Z",
    "price": "2.50",
    "duration": "AFT",
    "date": "2024-05-06",
    "paid": false,
    "products": [
      3
    ]
  }
},
{
  "model": "booking.booking",
  "pk": 31,
  "fields": {
    "user": 2,
    "timestamp": "2024-05-05T11:25:36.696Z",
    "price": "2.50",
    "duration": "AFT",
    "date": "2024-05-06",
    "paid": false,
    "products": [
      3
    ]
  }
},
{
  "model": "booking.booking",
  "pk": 32,
  "fields": {
    "user": 2,
    "timestamp": "2024-05-05T11:26:32.211Z",
    "price": "2.50",
    "duration": "AFT",
    "date": "2024-05-06",
    "paid": false,
    "products": [
      3
    ]
  }
},
{
  "model": "booking.booking",
  "pk": 33,
  "fields": {
    "user": 2,
    "timestamp": "2024-05-05T11:27:30.607Z",
    "price": "2.50",
    "duration": "AFT",
    "date": "2024-05-06",
    "paid": false,
    "products": [
      3
    ]
  }
},
{
  "model": "booking.booking",
  "pk": 34,
  "fields": {
    "user": 2,
    "timestamp": "2024-05-05T11:28:54.534Z",
    "price": "2.50",
    "duration": "AFT",
    "date": "2024-05-06",
    "paid": false,
    "products": [
      3
    ]
  }
},
{
  "model": "booking.booking",
  "pk": 35,
  "fields": {
    "user": 2,
    "timestamp": "2024-05-05T11:30:35.797Z",
    "price": "2.50",
    "duration": "AFT",
    "date": "2024-05-06",
    "paid": false,
    "products": [
      3
    ]
  }
},
{
  "model": "booking.booking",
  "pk": 36,
  "fields": {
    "user": 2,
    "timestamp": "2024-05-05T11:34:12.305Z",
    "price": "2.50",
    "duration": "AFT",
    "date": "2024-05-06",
    "paid": false,
    "products": [
      5
    ]
  }
},
{
  "model": "booking.booking",
  "pk": 37,
  "fields": {
    "user": 2,
    "timestamp": "2024-05-05T11:34:32.073Z",
    "price": "2.50",
    "duration": "AFT",
    "date": "2024-05-06",
    "paid": false,
    "products": [
      3
    ]
  }
},
{
  "model": "booking.booking",
  "pk": 38,
  "fields": {
    "user": 2,
    "timestamp": "2024-05-05T11:38:17.153Z",
    "price": "2.50",
    "duration": "AFT",
    "date": "2024-05-06",
    "paid": false,
    "products": [
      3
    ]
  }
},
{
  "model": "booking.booking",
  "pk": 39,
  "fields": {
    "user": 2,
    "timestamp": "2024-05-05T11:42:23.844Z",
    "price": "2.50",
    "duration": "AFT",
    "date": "2024-05-06",
    "paid": false,
    "products": [
      3
    ]
  }
},
{
  "model": "booking.booking",
  "pk": 40,
  "fields": {
    "user": 2,
    "timestamp": "2024-05-05T11:43:37.929Z",
    "price": "2.50",
    "duration": "AFT",
    "date": "2024-05-06",
    "paid": true,
    "products": [
      3
    ]
  }
},
{
  "model": "booking.booking",
  "pk": 41,
  "fields": {
    "user": 2,
    "timestamp": "2024-05-05T12:41:42.183Z",
    "price": "5.00",
    "duration": "AFT",
    "date": "2024-05-06",
    "paid": false,
    "products": [
      1,
      5
    ]
  }
},
{
  "model": "booking.booking",
  "pk": 42,
  "fields": {
    "user": 2,
    "timestamp": "2024-05-05T12:43:14.816Z",
    "price": "5.00",
    "duration": "AFT",
    "date": "2024-05-06",
    "paid": false,
    "products": [
      1,
      5
    ]
  }
},
{
  "model": "booking.booking",
  "pk": 43,
  "fields": {
    "user": 2,
    "timestamp": "2024-05-05T12:51:44.032Z",
    "price": "2.50",
    "duration": "AFT",
    "date": "2024-05-06",
    "paid": false,
    "products": [
      5
    ]
  }
},
{
  "model": "booking.booking",
  "pk": 44,
  "fields": {
    "user": 2,
    "timestamp": "2024-05-05T12:53:06.464Z",
    "price": "2.50",
    "duration": "AFT",
    "date": "2024-05-06",
    "paid": false,
    "products": [
      5
    ]
  }
},
{
  "model": "booking.booking",
  "pk": 45,
  "fields": {
    "user": 2,
    "timestamp": "2024-05-05T12:53:23.764Z",
    "price": "2.50",
    "duration": "AFT",
    "date": "2024-05-06",
    "paid": true,
    "products": [
      2
    ]
  }
},
{
  "model": "booking.booking",
  "pk": 46,
  "fields": {
    "user": 2,
    "timestamp": "2024-05-05T12:54:20.966Z",
    "price": "2.50",
    "duration": "ALL",
    "date": "2024-05-06",
    "paid": false,
    "products": [
      5
    ]
  }
},
{
  "model": "booking.booking",
  "pk": 47,
  "fields": {
    "user": 2,
    "timestamp": "2024-05-05T12:55:31.594Z",
    "price": "2.50",
    "duration": "ALL",
    "date": "2024-05-06",
    "paid": false,
    "products": [
      3
    ]
  }
},
{
  "model": "booking.booking",
  "pk": 48,
  "fields": {
    "user": 2,
    "timestamp": "2024-05-05T12:57:27.933Z",
    "price": "2.50",
    "duration": "ALL",
    "date": "2024-05-07",
    "paid": false,
    "products": [
      3
    ]
  }
},
{
  "model": "booking.booking",
  "pk": 49,
  "fields": {
    "user": 2,
    "timestamp": "2024-05-05T17:14:20.487Z",
    "price": "5.00",
    "duration": "ALL",
    "date": "2024-05-07",
    "paid": true,
    "products": [
      3,
      5
    ]
  }
},
{
  "model": "booking.booking",
  "pk": 50,
  "fields": {
    "user": 2,
    "timestamp": "2024-05-05T18:23:46.100Z",
    "price": "5.00",
    "duration": "MOR",
    "date": "2024-05-08",
    "paid": true,
    "products": [
      2,
      8
    ]
  }
},
{
  "model": "booking.booking",
  "pk": 51,
  "fields": {
    "user": 2,
    "timestamp": "2024-05-05T18:49:25.254Z",
    "price": "5.00",
    "duration": "ALL",
    "date": "2024-05-09",
    "paid": false,
    "products": [
      2,
      4
    ]
  }
},
{
  "model": "booking.booking",
  "pk": 52,
  "fields": {
    "user": 2,
    "timestamp": "2024-05-05T18:55:55.864Z",
    "price": "5.00",
    "duration": "ALL",
    "date": "2024-05-10",
    "paid": false,
    "products": [
      5,
      7
    ]
  }
},
{
  "model": "booking.booking",
  "pk": 53,
  "fields": {
    "user": 2,
    "timestamp": "2024-05-05T18:56:22.265Z",
    "price": "5.00",
    "duration": "ALL",
    "date": "2024-05-10",
    "paid": false,
    "products": [
      2,
      4
    ]
  }
},
{
  "model": "booking.booking",
  "pk": 54,
  "fields": {
    "user": 2,
    "timestamp": "2024-05-05T18:57:31.449Z",
    "price": "5.00",
    "duration": "ALL",
    "date": "2024-05-10",
    "paid": false,
    "products": [
      2,
      4
    ]
  }
},
{
  "model": "booking.booking",
  "pk": 55,
  "fields": {
    "user": 2,
    "timestamp": "2024-05-05T18:58:52.883Z",
    "price": "5.00",
    "duration": "ALL",
    "date": "2024-05-10",
    "paid": true,
    "products": [
      2,
      4
    ]
  }
},
{
  "model": "booking.booking",
  "pk": 56,
  "fields": {
    "user": 2,
    "timestamp": "2024-05-05T19:02:19.217Z",
    "price": "5.00",
    "duration": "ALL",
    "date": "2024-05-11",
    "paid": true,
    "products": [
      2,
      4
    ]
  }
}
]
